<assembly xmlns="http://maven.apache.org/plugins/maven-assembly-plugin/assembly/1.1.2"
    xmlns:xsi="http://www.w3.org/2001/XMLSchema-instance"
    xsi:schemaLocation="http://maven.apache.org/plugins/maven-assembly-plugin/assembly/1.1.2 http://maven.apache.org/xsd/assembly-1.1.2.xsd">
	<id>distribution</id>
	<formats>
		<format>zip</format>
	</formats>
	<dependencySets>
		<dependencySet>
			<unpack>false</unpack>
			<scope>runtime</scope>
			<outputDirectory>WebContent/WEB-INF/lib</outputDirectory>
		</dependencySet>
	</dependencySets>
	<fileSets>
		<fileSet>
			<directory>${basedir}</directory>
			<includes>
				<include>**/*</include>
			</includes>
			<excludes>
				<exclude>target/**</exclude>
				<exclude>**/.jars</exclude>
				<exclude>pom.xml</exclude>
				<exclude>assembly.xml</exclude>
				<exclude>build.xml</exclude>
				<exclude>classpath-example</exclude>
				<exclude>project-example</exclude>
			</excludes>
		</fileSet>
	</fileSets>
	<files>
		<file>
			<source>classpath-example</source>
			<destName>.classpath</destName>
		</file>
		<file>
			<source>project-example</source>
			<destName>.project</destName>
		</file>
	</files>
</assembly>
